{"graph": {"_type": "graph-file", "path": "media\\graph\\graph_summary_c21328c3.graph.json", "sha256": "c21328c3542fcf7a11be0c9b8698accd16e19729f8316b4cbc2df3309b6bedec", "size": 584}, "_step": 54, "_timestamp": 1582980395.6685452, "loss": 0.04403226699059897, "epoch": 53, "accuracy": 98.2587064676617, "_runtime": 175.71176958084106, "training_time": 174.89261507987976, "recall": 0.9818990701374903, "precision": 0.9828282092288683}
