{"_step": 0, "recall": 0.922539220805052, "_runtime": 1.0959992408752441, "accuracy": 92.48077792853913, "_timestamp": 1583031520.0464396, "precision": 0.9249781573941889, "training_time": 0.0529935359954834}
