{"graph": {"_type": "graph-file", "path": "media\\graph\\graph_summary_02075a90.graph.json", "sha256": "02075a906aba785c7ccf7a97aff8fb9c37050dba25835b8e837047aa3501f626", "size": 570}, "_step": 85, "_timestamp": 1582980206.2806056, "loss": 0.061703003025544226, "epoch": 84, "accuracy": 97.90818634102216, "_runtime": 49.63016366958618, "training_time": 20.76500177383423, "recall": 0.9788518435643072, "precision": 0.9787779663421194}
