{"precision": 0.9249781573941889, "accuracy": 92.48077792853913, "_runtime": 8.34996509552002, "training_time": 0.07999324798583984, "_step": 0, "_timestamp": 1582978497.9826949, "recall": 0.922539220805052}
