{"_step": 0, "recall": 0.922539220805052, "_runtime": 5.775000810623169, "accuracy": 92.48077792853913, "_timestamp": 1583031472.0294473, "precision": 0.9249781573941888, "training_time": 0.04699826240539551}
